PurchaseID,lastname,purchase_date,stars,price,favorite_flower
101,PERKINS,2017-04-08,5,69.59988595416579,iris
102,ROBINSON,2017-01-01,5,87.98390361682092,
101,PERKINS,2017-04-08,5,69.59988595416579,iris
102,ROBINSON,2017-01-01,5,87.98390361682092,
103,WILLIAMSON,2017-03-20,4,69.33913791146736,carnation
104,ROBINSON,2017-04-12,5,68.1406157540704,lilac
105,RHODES,2017-03-24,1,72.17952208392624,carnation
106,NGUYEN,2017-01-03,3,59.71373277502448,gerbera
107,ROBINSON,2017-08-20,2,68.90743325165465,
108,GRAVES,2017-02-26,5,59.912851749826814,gerbera
109,RODRIQUEZ,2017-01-11,1,70.6638973161921,
110,PERKINS,2017-07-09,5,90.36115273438847,iris
111,FERGUSON,2017-05-04,2,71.01830005124562,daffodil
112,MAY,2017-06-22,3,59.767947319089956,rose
113,MILLER,2017-07-25,3,70.09000453868923,
114,GREENE,2017-07-27,4,59.32197091200011,rose
115,OBRIEN,2017-02-16,4,90.62616176788086,
116,FREEMAN,2017-02-09,4,60.0108688276798,gerbera
117,RAMOS,2017-09-04,4,71.65108482501353,
118,ROBINSON,2017-05-09,3,59.221863291317746,lilac
119,ROBINSON,2017-06-14,2,60.547645329062824,lilac
120,RUIZ,2017-07-29,4,70.45178856993353,
121,CLARK,2017-01-05,3,,
122,HARPER,2017-08-24,2,60.52591185349246,tulip
123,PAYNE,2017-01-21,1,69.77178904468374,rose
124,BOYD,2017-07-02,4,90.14728952584127,lilac
125,ROBINSON,2017-03-05,5,68.97415845472509,lilac
126,COX,2017-04-03,3,59.272833477585095,
127,HALL,2017-04-23,3,72.70656703357702,daffodil
128,RHODES,2017-08-22,4,60.151628870901334,
129,REYES,2017-01-18,4,70.54553211658084,rose
130,ROBINSON,2017-04-02,4,70.66782650635804,
131,LEWIS,2017-07-28,5,90.13198438479372,gerbera
132,GREENE,2017-03-10,1,69.55589961642971,rose
133,TURNER,2017-06-29,5,89.43408162407313,iris
134,TURNER,2017-02-26,3,89.39570667359536,iris
135,VARGAS,2017-03-06,4,69.56203977003918,sunflower
136,PETERS,2017-05-03,4,70.3247234005108,orchid
137,FERGUSON,2017-06-21,5,59.84844290301357,daffodil
138,ROGERS,2017-01-30,3,90.36844909592911,
139,ELLIS,2017-05-15,5,68.77368401803128,daisy
140,COLLINS,2017-07-20,4,69.15294705709718,
141,DANIELS,2017-06-21,5,59.95725236108443,rose
142,PETERS,2017-02-01,4,,orchid
143,ROBINSON,2017-08-11,5,60.10692417487847,lilac
144,MITCHELL,2017-05-29,5,71.05441946314679,lilac
145,ALLEN,2017-02-11,5,90.28623232783156,rose
146,CARLSON,2017-05-11,3,71.91334545314821,rose
147,REID,2017-03-25,3,61.346947792036715,jasmine
148,ROBINSON,2017-06-07,5,68.1879133430926,lilac
149,MARTIN,2017-06-23,3,88.97178490612093,lilac
150,FOSTER,2017-03-24,2,88.96400336060229,
151,MASON,2017-06-22,3,67.81234717565077,tulip
152,CALDWELL,2017-02-01,5,60.69803821222321,carnation
153,AUSTIN,2017-03-17,2,69.65793355909116,jasmine
154,VARGAS,2017-05-22,5,71.36768725521173,sunflower
155,GREEN,2017-02-13,5,,daffodil
156,BYRD,2017-06-30,5,91.56658581874373,gardenia
157,RIVERA,2017-06-30,3,69.47513470921643,daffodil
158,ROSE,2017-05-04,1,69.9537929602303,gardenia
159,WOODS,2017-07-12,3,70.30091938564989,sunflower
160,WAGNER,2017-07-17,4,69.05813230832499,iris
161,GONZALES,2017-05-09,2,88.5506158694574,lilac
162,DANIELS,2017-02-07,5,60.39262770419921,
163,GOMEZ,2017-01-02,4,69.29658060519877,
164,BARNETT,2017-08-27,4,,gardenia
165,MONTGOMERY,2017-01-22,5,58.90079547967426,gardenia
166,ROBINSON,2017-06-20,3,89.983011604207,lilac
167,HOLMES,2017-04-05,3,61.137140906561115,rose
168,THOMPSON,2017-05-07,1,59.78066251157421,tulip
169,CASTILLO,2017-02-26,4,59.429211255136565,gardenia
170,DANIELS,2017-07-31,5,88.16063278312035,rose
171,ROBINSON,2017-02-06,5,70.66425770975789,
172,CALDWELL,2017-04-21,5,90.81756940071395,carnation
173,MOORE,2017-05-20,5,69.56506729544202,rose
174,ROBINSON,2017-08-08,5,69.78370082239843,lilac
175,RUSSELL,2017-07-26,5,60.599312153256946,carnation
176,STEWART,2017-08-13,2,69.8192225679794,tulip
177,KING,2017-08-20,2,70.2402395670576,
178,BROWN,2017-02-12,4,67.68522396979404,daffodil
179,WHEELER,2017-02-18,4,89.0900053263572,orchid
180,ROBINSON,2017-01-28,5,89.03062869437764,lilac
181,STEWART,2017-02-18,3,60.7116001713594,tulip
182,HILL,2017-02-13,4,59.51795244873782,
183,HOFFMAN,2017-01-30,2,69.66998831577703,sunflower
184,BELL,2017-01-11,2,89.62059784772225,
185,JACOBS,2017-02-11,3,70.4473319880831,carnation
186,MURRAY,2017-08-29,3,70.48387166798778,daffodil
187,GRAVES,2017-01-07,4,70.68063287790918,gerbera
188,ROBINSON,2017-01-24,5,70.78313813580455,lilac
189,FERGUSON,2017-02-25,2,68.1804068843893,daffodil
190,JACKSON,2017-04-04,2,68.70848723485821,
191,CARROLL,2017-02-11,5,58.96895560547321,tulip
192,BURKE,2017-08-16,1,89.78046538927822,daffodil
193,DIAZ,2017-03-27,2,60.11208799479979,
194,FERGUSON,2017-02-21,4,70.2454306902428,daffodil
195,DANIELS,2017-04-28,1,69.43384706178446,rose
196,CHAPMAN,2017-01-26,4,71.94854510220763,gerbera
197,CALDWELL,2017-05-17,3,61.53057574650697,carnation
198,ROBINSON,2017-08-31,1,69.74072160908803,lilac
199,MORGAN,2017-08-20,3,60.60933475039475,tulip
200,ROBINSON,2017-05-26,5,90.57543892255048,lilac
201,WEBB,2017-07-13,2,58.00435573008946,iris
202,BURKE,2017-08-16,4,68.56026036587735,daffodil
203,HAMILTON,2017-07-14,3,90.61797035716671,lilac
204,HARPER,2017-04-10,2,71.80685871991969,tulip
205,WELCH,2017-01-11,3,70.83214911520962,
206,WAGNER,2017-01-16,3,70.36909053843144,iris
207,BURKE,2017-04-22,5,68.81915130532943,
208,ROBINSON,2017-08-01,5,90.98228579406936,lilac
209,ALLEN,2017-07-17,2,69.82945523948314,rose
210,RYAN,2017-09-01,3,70.55366219871856,carnation
211,CARPENTER,2017-04-11,2,59.82211376549256,sunflower
212,CLARK,2017-05-04,4,60.95827014134215,
213,ROBINSON,2017-01-04,5,69.3206152882411,lilac
214,ROBINSON,2017-07-30,1,62.12937222752984,
215,LEWIS,2017-06-09,4,88.43293342156386,gerbera
216,GREEN,2017-01-13,3,60.20163201280209,daffodil
217,MCKINNEY,2017-01-28,3,70.24274361470708,gardenia
218,ROBINSON,2017-01-27,5,58.22222062957459,lilac
219,RICHARDS,2017-07-14,3,59.55387215013512,lilac
220,HARPER,2017-08-21,5,71.03759897335968,tulip
221,RAMOS,2017-05-26,3,67.65543410933151,orchid
222,ROBINSON,2017-04-12,5,59.30276498310301,lilac
223,NEAL,2017-05-30,5,70.95159451932403,iris
224,MEDINA,2017-01-31,5,71.11362145441848,daffodil
225,WILLIS,2017-06-25,1,72.3439492677488,tulip
226,ROBINSON,2017-03-15,5,61.34925023354751,
227,MURRAY,2017-02-18,5,71.74310058470698,
228,WATTS,2017-08-31,5,71.37626984738797,gardenia
229,WATTS,2017-08-24,2,89.62882165037337,
230,HART,2017-04-08,4,70.93787687993927,gardenia
231,HICKS,2017-04-13,4,68.19812547625327,daisy
232,CHAPMAN,2017-07-02,5,59.723798996287336,gerbera
233,STONE,2017-03-12,4,89.12298637340555,iris
234,ROBINSON,2017-03-09,4,61.609311591921205,
235,JAMES,2017-06-01,2,69.5176810864492,daisy
236,POWELL,2017-01-22,3,89.90378814133734,
237,RICHARDS,2017-02-19,3,89.48705045649803,lilac
238,STONE,2017-07-22,4,91.9382701757059,iris
239,GONZALEZ,2017-08-14,2,89.96675665072468,gardenia
240,MILLS,2017-05-24,5,59.97530729279231,rose
241,MORRISON,2017-01-02,4,62.030218006803246,gardenia
242,ROGERS,2017-03-11,2,60.189389367040654,gardenia
243,MURPHY,2017-03-18,5,59.80803688785054,iris
244,ROBINSON,2017-05-29,1,90.29865964740866,lilac
245,RHODES,2017-01-07,5,90.1071388249119,
246,CARROLL,2017-07-29,3,,tulip
247,KELLY,2017-06-04,4,59.47414914487988,daisy
248,SNYDER,2017-08-04,5,68.87760377038128,sunflower
249,REYNOLDS,2017-04-25,3,91.4786113685127,gardenia
250,MASON,2017-07-02,5,69.91773285816558,tulip
251,ROBINSON,2017-01-03,5,88.82266372962948,lilac
252,ORTIZ,2017-04-21,5,70.08688366043526,carnation
253,ROBINSON,2017-05-25,4,70.12600082503585,lilac
254,JORDAN,2017-01-06,4,59.31625019561859,carnation
255,PENA,2017-06-28,3,88.96750341167785,lilac
256,BURKE,2017-08-28,3,70.3814551149799,daffodil
257,EVANS,2017-03-24,5,71.01209053615983,daisy
258,RICE,2017-01-07,3,69.2945498359283,gerbera
259,BATES,2017-01-02,5,90.28037631562681,
260,HOPKINS,2017-08-31,2,61.04437017645002,tulip
261,PETERS,2017-05-21,5,70.37900895121423,orchid
262,PERKINS,2017-05-19,4,59.854839924071136,iris
263,BROWN,2017-05-22,3,58.21143593021903,daffodil
264,REED,2017-04-22,4,68.84267386343228,gerbera
265,MILES,2017-03-17,5,60.588153375177605,daisy
266,CARTER,2017-07-03,5,91.74807130685736,
267,ROBINSON,2017-08-15,3,88.48833706375373,lilac
268,RODRIQUEZ,2017-08-20,3,69.09267269071398,carnation
269,BENNETT,2017-07-22,5,70.29376985855602,rose
270,RIVERA,2017-08-20,5,91.03370297862358,daffodil
271,ROSE,2017-08-06,3,68.85784769215776,gardenia
272,CALDWELL,2017-01-10,5,70.65642707895455,carnation
273,SILVA,2017-02-04,1,68.7017930677141,lilac
274,PENA,2017-08-17,5,89.68980060499553,lilac
275,RAMIREZ,2017-07-12,3,70.27861583111815,lilac
276,PALMER,2017-02-02,5,90.66489880510962,gardenia
277,MURRAY,2017-06-15,5,61.08797915276743,daffodil
278,ROBINSON,2017-05-28,5,69.38676336718987,lilac
279,LAWRENCE,2017-06-15,2,91.20332944736876,daffodil
280,THOMPSON,2017-05-07,5,89.68143509654134,
281,BREWER,2017-04-22,4,69.77914005726777,carnation
282,CARLSON,2017-02-06,5,92.99631722334263,rose
283,BANKS,2017-06-28,1,90.86078626156316,orchid
284,MCDONALD,2017-01-10,4,72.2870250314345,tulip
285,MORGAN,2017-04-15,5,60.694375864487824,tulip
286,ROBINSON,2017-03-31,4,89.75823671114293,lilac
287,LEE,2017-07-25,5,,daffodil
288,ROBINSON,2017-02-15,5,89.14421579187788,lilac
289,HALE,2017-05-19,1,69.98889411418165,rose
290,WALKER,2017-02-23,2,69.83793430254929,
291,POWELL,2017-07-04,4,70.11682517476822,gardenia
292,ROBINSON,2017-05-18,5,90.10238089083282,
293,STEWART,2017-07-19,4,69.72227344727034,tulip
294,HALE,2017-08-23,5,58.280981607273574,rose
295,MCCOY,2017-02-08,3,,sunflower
296,DANIELS,2017-01-25,5,71.38902417452317,rose
297,RICHARDS,2017-05-17,3,69.57973623277746,lilac
298,DANIELS,2017-01-30,4,71.79944553846825,
299,MARSHALL,2017-04-26,5,71.81062802853089,carnation
300,CARROLL,2017-06-07,4,70.05042767333889,tulip
301,DANIELS,2017-01-16,4,69.24684468126033,rose
302,OBRIEN,2017-06-26,2,60.28460430597779,
303,KING,2017-01-04,3,88.50324227180894,rose
304,GRIFFIN,2017-09-03,4,,iris
305,GARDNER,2017-01-21,2,60.761735089281366,gardenia
306,GORDON,2017-09-04,5,70.67501891956476,rose
307,ROBINSON,2017-03-22,5,89.9069649113165,lilac
308,MORALES,2017-01-01,5,69.17431665429791,jasmine
309,DAVIDSON,2017-01-14,5,71.53400094751426,sunflower
310,ROBINSON,2017-05-07,5,60.69486910975304,lilac
311,ROBINSON,2017-04-18,5,71.09204467832951,lilac
312,MOORE,2017-02-07,5,68.94180853831072,
313,CLARK,2017-03-10,3,,gardenia
314,MORALES,2017-03-23,4,61.05150293211715,jasmine
315,MAY,2017-05-31,3,59.12543898104661,rose
316,ROBINSON,2017-08-16,2,70.9759110149381,lilac
317,HARPER,2017-06-02,4,68.88185859090378,
318,CARLSON,2017-03-28,5,68.63111559446632,rose
319,WOOD,2017-08-11,3,59.541772756962935,sunflower
320,GONZALES,2017-04-06,2,59.79514279051716,
321,DUNN,2017-05-12,5,90.63167688360915,daffodil
322,PALMER,2017-08-27,3,68.29778733762777,gardenia
323,RICE,2017-02-12,4,69.80292015836757,
324,CALDWELL,2017-08-12,3,69.61754446876736,
325,ROBINSON,2017-06-21,5,70.01660004528387,
326,ROSE,2017-02-24,4,69.14959318110117,gardenia
327,MILLER,2017-05-21,3,70.67483884847188,daffodil
328,WOODS,2017-05-19,3,70.09696992035157,sunflower
329,DIXON,2017-05-18,3,90.03148753565239,gerbera
330,JOHNSTON,2017-05-14,5,60.77994775559496,orchid
331,WEAVER,2017-08-24,1,71.47187976673855,sunflower
332,MCKINNEY,2017-01-22,5,68.64952154355414,
333,ROBINSON,2017-02-17,5,71.37707319681945,lilac
334,ROBINSON,2017-06-01,5,69.72658134760303,
335,ROBINSON,2017-07-10,1,89.7722747515569,lilac
336,BERRY,2017-08-30,4,89.27870401614797,iris
337,HOLMES,2017-08-02,3,69.18441024580818,rose
338,HOFFMAN,2017-01-16,2,88.77006384766891,sunflower
339,HUNTER,2017-04-02,2,61.27883272549668,
340,FERNANDEZ,2017-01-16,1,91.58632759449185,carnation
341,GARDNER,2017-02-03,3,70.0212407166978,gardenia
342,ROBINSON,2017-02-13,5,59.67756574451738,
343,HOFFMAN,2017-04-05,4,67.74261113236221,sunflower
344,PRICE,2017-04-25,4,60.26881852265431,daisy
345,CURTIS,2017-04-21,3,90.86943983404197,sunflower
346,ROBINSON,2017-01-14,5,89.66748966091856,lilac
347,REYES,2017-01-30,4,70.35328275914969,rose
348,ROBINSON,2017-03-23,5,61.35641609019306,
349,NEWMAN,2017-03-23,4,59.73049122063381,
350,CHAMBERS,2017-04-15,4,59.780960528126,gerbera
351,MITCHELL,2017-06-20,1,90.78253914408094,lilac
352,HARRISON,2017-05-21,1,71.7973253539383,orchid
353,HORTON,2017-01-02,1,69.3768914150016,tulip
354,PAYNE,2017-01-30,4,71.82235831711833,rose
355,HALE,2017-07-12,4,89.59806030259527,rose
356,KELLY,2017-02-28,4,69.80634437773516,daisy
357,ROBINSON,2017-06-21,5,90.60477811396737,
358,DANIELS,2017-03-02,1,59.89729354670386,rose
359,ROBINSON,2017-07-24,5,90.4600184870818,lilac
360,PAYNE,2017-02-19,5,88.52928460274714,
361,ROBINSON,2017-08-29,4,59.93092220077916,lilac
362,ELLIS,2017-05-09,3,89.88225124235063,daisy
363,ROBINSON,2017-07-06,5,69.51073934633442,lilac
364,KING,2017-02-18,5,89.91810180808753,rose
365,ROBINSON,2017-04-01,5,90.35168346299614,lilac
366,HOWELL,2017-02-23,1,69.67643972402357,lilac
367,OWENS,2017-05-26,1,68.92178299320153,iris
368,RICHARDS,2017-07-13,3,71.57465466558676,lilac
369,HOLT,2017-03-24,3,70.54836673713625,gerbera
370,RAMOS,2017-01-10,3,89.49381580959066,orchid
371,CARLSON,2017-01-12,2,90.53197030302533,rose
372,LEWIS,2017-06-23,2,70.65649047587377,gerbera
373,WOOD,2017-08-13,1,70.48175798454037,sunflower
374,WILLIAMS,2017-01-23,5,89.40872492029389,daffodil
375,WATSON,2017-01-27,4,69.1021884541411,iris
376,WHEELER,2017-05-11,4,70.72766772607169,orchid
377,SANDERS,2017-08-03,4,87.98649546462559,daffodil
378,BAILEY,2017-02-16,2,91.2548545565496,
379,RUSSELL,2017-08-03,5,60.192468855041625,carnation
380,ALVAREZ,2017-01-17,3,70.6762348770935,orchid
381,SUTTON,2017-05-20,5,71.15361232368517,jasmine
382,ORTIZ,2017-04-23,1,70.52689842874011,
383,HALE,2017-02-28,3,59.67301984047957,rose
384,GOMEZ,2017-06-08,4,60.871320599788056,tulip
385,BARNETT,2017-04-25,5,68.77707366655584,gardenia
386,SPENCER,2017-08-16,2,67.88893252661165,orchid
387,HUNTER,2017-05-16,5,90.21034396525123,
388,CALDWELL,2017-05-06,3,88.86768017281469,carnation
389,MORRIS,2017-03-21,2,60.69846518948272,
390,CALDWELL,2017-07-17,1,69.26228914944807,carnation
391,ORTIZ,2017-06-05,4,71.11403903915743,carnation
392,MILLS,2017-07-28,4,88.3913669677488,rose
393,JOHNSON,2017-08-29,5,71.17580788514225,daisy
394,BLACK,2017-04-12,4,89.80142620920674,
395,BYRD,2017-02-01,4,89.13908700399853,gardenia
396,HOLLAND,2017-07-09,4,91.23686719978011,jasmine
397,BECK,2017-05-01,5,61.445439351508654,orchid
398,CALDWELL,2017-04-05,5,90.09155124945795,
399,ROBINSON,2017-01-07,5,60.598514558605295,lilac
400,ROBINSON,2017-02-18,2,58.99960080831334,lilac
401,TURNER,2017-08-17,2,68.77146476419973,iris
402,CRAIG,2017-08-25,3,90.90236745302462,gardenia
403,BROOKS,2017-05-04,5,70.68471451687745,
404,SANDERS,2017-08-18,2,70.71023935287258,daffodil
405,MYERS,2017-07-16,4,89.6865718343799,gerbera
406,NGUYEN,2017-07-18,4,70.95486957287913,gerbera
407,ROBINSON,2017-01-09,5,67.91217836244132,lilac
408,SNYDER,2017-05-10,3,91.72214009489744,sunflower
409,ROBINSON,2017-02-18,5,89.33357524444564,lilac
410,PRICE,2017-08-16,1,69.30815685670038,daisy
411,ROBINSON,2017-08-17,5,60.17378412630772,lilac
412,ROBINSON,2017-01-01,3,60.06707614222539,lilac
413,ELLIS,2017-03-09,5,89.85628633906411,daisy
414,BAILEY,2017-04-14,4,70.10926589461243,rose
415,ROBINSON,2017-08-02,5,70.75867800062099,lilac
416,JACOBS,2017-04-11,5,90.50453657958107,carnation
417,WELCH,2017-04-05,1,59.179863659357515,daisy
418,STEVENS,2017-07-18,3,68.50814774104428,jasmine
419,ROBINSON,2017-06-13,3,88.02200926366295,lilac
420,ROBERTS,2017-06-13,4,69.04608832868976,tulip
421,ROBINSON,2017-03-21,5,89.34851281494097,lilac
422,JACOBS,2017-08-30,4,59.54340677117896,
423,HOLMES,2017-01-20,4,58.27919785969751,rose
424,BELL,2017-06-29,1,91.23647533464644,gardenia
425,CASTRO,2017-05-10,5,70.59134771159641,gardenia
426,ROBINSON,2017-02-04,5,89.99420057247508,lilac
427,JACOBS,2017-01-31,5,89.90050587474022,carnation
428,RICHARDSON,2017-05-23,5,60.22015816330958,jasmine
429,MURRAY,2017-07-15,5,88.8276566865172,daffodil
430,WHEELER,2017-04-07,3,88.64648648102093,orchid
431,DAY,2017-03-06,3,89.1842697344616,orchid
432,SHELTON,2017-04-06,5,69.7635281206912,rose
433,STEWART,2017-05-09,3,59.33513050857627,tulip
434,CARPENTER,2017-05-18,3,70.38193067632909,
435,RAMOS,2017-02-20,5,89.48031310227434,
436,ROBINSON,2017-03-08,3,69.06917753588971,lilac
437,CARLSON,2017-08-21,4,70.28944745205814,rose
438,HOLLAND,2017-07-02,4,88.48238364728061,jasmine
439,ROBINSON,2017-04-30,5,58.18382972441442,lilac
440,DOUGLAS,2017-05-22,3,89.5468230221287,daisy
441,MILLER,2017-07-28,5,60.73816861036196,daffodil
442,BUTLER,2017-04-22,2,89.64074765327229,tulip
443,ROBINSON,2017-08-11,5,70.69936422043128,lilac
444,DANIELS,2017-04-16,4,69.95728329101297,rose
445,BROWN,2017-05-15,5,70.55577892993331,daffodil
446,HARPER,2017-04-01,3,68.84390014750338,tulip
447,CASTILLO,2017-01-07,2,90.07595619706157,gardenia
448,ROBINSON,2017-01-09,4,69.96322267974548,lilac
449,ROBINSON,2017-04-08,5,91.93043774098564,lilac
450,GRAY,2017-04-08,3,69.71934702393659,gerbera
451,HUNTER,2017-07-09,1,71.35369476767937,
452,ROBINSON,2017-08-01,5,90.2864121749988,lilac
453,ORTIZ,2017-06-29,1,69.91593360487599,carnation
454,RAY,2017-05-31,5,90.23100153938566,jasmine
455,HUNTER,2017-07-04,2,58.860219066435576,
456,BANKS,2017-02-18,5,71.12680107545856,orchid
457,GRAY,2017-08-12,5,69.36336260911611,gerbera
458,ROBINSON,2017-01-31,5,57.83989536682008,lilac
459,FLEMING,2017-01-30,4,89.0290869226084,sunflower
460,SOTO,2017-01-31,5,69.65639643928566,lilac
461,JIMENEZ,2017-04-21,3,,tulip
462,HARPER,2017-01-01,4,70.6131187981319,
463,HAMILTON,2017-03-17,5,71.14997638653584,lilac
464,ROBINSON,2017-03-18,5,70.84993028443976,lilac
465,ORTIZ,2017-03-16,1,70.41784456159898,carnation
466,MCCOY,2017-08-02,5,70.72390388636215,sunflower
467,RICHARDS,2017-06-15,2,69.44999025292047,
468,HUDSON,2017-06-14,5,,gardenia
469,COLEMAN,2017-05-21,4,69.41000536850463,tulip
470,ROBINSON,2017-05-17,1,59.27999248073854,lilac
471,DANIELS,2017-05-30,3,90.00146513687832,rose
472,WARD,2017-02-25,5,89.77451603730313,gerbera
473,ROBINSON,2017-01-16,3,88.37367878854434,lilac
474,LYNCH,2017-06-18,4,70.42535575061927,daisy
475,ROBINSON,2017-01-04,5,59.86299681454357,lilac
476,HAYES,2017-08-27,1,69.09290703552334,jasmine
477,ROBINSON,2017-02-27,4,70.05600481235798,lilac
478,RUIZ,2017-04-01,1,90.89374610875697,
479,LYNCH,2017-05-25,5,70.1179774559968,daisy
480,MORRISON,2017-05-27,5,59.32704833536355,gardenia
481,LUCAS,2017-02-16,5,70.1294987992892,carnation
482,BROWN,2017-01-05,2,67.59466873325644,daffodil
483,LITTLE,2017-07-17,4,,gardenia
484,ROBINSON,2017-02-04,2,70.22077748979612,lilac
485,ROBINSON,2017-06-10,5,70.41200607469727,lilac
486,FERGUSON,2017-02-27,3,61.38574888439725,daffodil
487,GONZALES,2017-06-30,4,60.22510121369201,
488,MORALES,2017-07-25,5,69.36646818431454,jasmine
489,BARNETT,2017-02-25,2,70.78949787856871,gardenia
490,HERRERA,2017-06-07,4,61.12881029492998,rose
491,MCKINNEY,2017-05-10,3,70.85367174453867,gardenia
492,ROBINSON,2017-02-09,4,67.38610858060449,
493,HUNTER,2017-02-11,4,91.20688500025085,rose
494,SHAW,2017-06-11,3,61.086556982123156,sunflower
495,FERNANDEZ,2017-08-09,2,68.9779402036057,carnation
496,BURKE,2017-05-11,2,89.66946893073332,daffodil
497,ORTIZ,2017-07-16,1,91.96023315124583,carnation
498,MORGAN,2017-06-06,3,59.34773309190486,tulip
499,DANIELS,2017-04-17,5,69.93977150323613,
500,HALE,2017-06-27,3,90.08595113792032,rose
501,RICHARDSON,2017-08-05,5,88.66781017118828,
502,BELL,2017-06-07,3,69.04051901684215,
503,JOHNSTON,2017-02-11,5,69.18362579530438,
504,GONZALES,2017-04-20,5,90.08323132732284,
505,GARCIA,2017-01-05,2,90.60410439632273,
506,FOX,2017-03-25,2,89.6234984907033,
507,GREENE,2017-04-12,4,91.09140945951411,rose
508,ROBINSON,2017-07-01,5,69.42861801292565,lilac
509,ROBINSON,2017-07-01,3,69.93679287147489,lilac
510,ROBINSON,2017-01-21,5,69.60836631892832,lilac
511,ROBINSON,2017-05-03,4,59.941338731217186,lilac
512,ROBINSON,2017-07-02,5,70.72017968607648,lilac
513,CRAWFORD,2017-01-17,5,70.71376533346084,carnation
514,ROBINSON,2017-07-12,5,69.13549624693051,
515,GOMEZ,2017-03-23,1,89.67611183611072,
516,WARD,2017-07-20,3,90.67193588314544,gerbera
517,DUNN,2017-04-18,1,69.69688214445536,daffodil
518,JOHNSTON,2017-07-12,5,69.20478588945952,orchid
519,GREEN,2017-01-15,3,70.95046676454461,daffodil
520,ROGERS,2017-06-20,2,90.73186622156254,
521,LARSON,2017-09-04,4,71.06942930674637,tulip
522,ALLEN,2017-07-01,4,69.8582915769781,rose
523,HORTON,2017-07-18,1,89.3223369114204,tulip
524,WHITE,2017-08-14,1,67.85213873107418,gardenia
525,ROBINSON,2017-01-12,1,89.57592655618089,lilac
526,CARROLL,2017-02-15,5,68.55615586826043,tulip
527,WILLIAMS,2017-03-25,3,89.1231581745192,daffodil
528,GUTIERREZ,2017-03-20,3,88.7052591885252,gerbera
529,ROBINSON,2017-03-29,4,67.50177319558304,lilac
530,ROBINSON,2017-01-28,4,,lilac
531,ROBINSON,2017-06-22,5,90.04632653586722,lilac
532,BURKE,2017-05-30,4,58.323360197384574,daffodil
533,RICE,2017-02-18,3,69.55249889838154,gerbera
534,MARTINEZ,2017-05-21,4,91.43233297479273,gardenia
535,ROBINSON,2017-07-03,4,60.01425747024187,
536,ANDREWS,2017-06-08,2,70.22610849804411,orchid
537,BAILEY,2017-05-02,2,89.24600733360161,rose
538,GARZA,2017-08-13,5,88.95346066294633,daffodil
539,WEBB,2017-04-01,3,71.7014246084194,
540,GRAVES,2017-02-15,2,70.66725695902136,
541,CARROLL,2017-05-08,5,69.55089537556503,tulip
542,PERKINS,2017-07-26,3,70.086296320159,iris
543,KING,2017-04-23,4,89.50811992126097,
544,ROBINSON,2017-05-24,5,89.62440224013677,lilac
545,MARSHALL,2017-05-06,3,88.61857427525246,carnation
546,HUDSON,2017-04-28,3,57.62156617120092,
547,DUNN,2017-07-14,3,70.27593252319724,daffodil
548,ROBINSON,2017-01-02,5,60.07053108214414,lilac
549,ROBINSON,2017-06-13,5,69.253301275677,lilac
550,ROBINSON,2017-06-18,5,89.18466849361471,lilac
551,HILL,2017-05-19,3,67.97729742583367,
552,RAMOS,2017-07-08,1,60.23916023671359,orchid
553,CURTIS,2017-08-02,2,71.14757571261903,sunflower
554,ROBINSON,2017-03-16,5,72.06949841389647,lilac
555,MCCOY,2017-06-10,4,70.10770660450743,
556,RAMOS,2017-08-25,4,89.46329829945728,orchid
557,ROBINSON,2017-05-17,5,69.60168239503398,lilac
558,KNIGHT,2017-02-26,4,68.22666695326251,gardenia
559,HUNTER,2017-01-18,4,92.8319951875165,rose
560,ANDERSON,2017-03-25,2,60.06776146372154,daisy
561,JACOBS,2017-04-20,5,69.30792132870761,carnation
562,VASQUEZ,2017-06-25,4,87.76079022003586,gardenia
563,RHODES,2017-03-15,4,68.29875567159743,carnation
564,ROBINSON,2017-04-23,5,71.61349202919502,lilac
565,ROBINSON,2017-07-12,5,58.2366681346354,
566,FLEMING,2017-06-28,3,61.16995263321782,sunflower
567,ROBINSON,2017-08-21,3,71.18647024500149,lilac
568,MENDOZA,2017-08-09,5,68.94886452018504,
569,JACOBS,2017-06-24,4,89.9993543948421,carnation
570,CARROLL,2017-06-09,3,,tulip
571,SANDERS,2017-04-30,1,89.9276025955951,daffodil
572,DANIELS,2017-08-02,3,68.99120612455764,rose
573,HART,2017-07-30,1,69.20636302629096,gardenia
574,DANIELS,2017-08-05,2,88.09934673035293,rose
575,ROBINSON,2017-07-17,5,58.6750608566835,
576,ROBINSON,2017-04-16,5,69.97233422270916,lilac
577,GRAHAM,2017-08-02,2,60.29410192748108,lilac
578,ROBINSON,2017-05-21,2,61.75598399352932,
579,BATES,2017-07-03,3,88.88590619560964,daisy
580,ROBINSON,2017-06-04,4,88.84056227603224,lilac
581,FOX,2017-01-13,2,60.078326654004734,
582,HUNTER,2017-08-03,1,91.64732182762,rose
583,ROBINSON,2017-06-07,5,89.00855501571081,lilac
584,CURTIS,2017-08-27,3,59.90538843568278,sunflower
585,ROBINSON,2017-07-17,5,90.3911648201721,lilac
586,HUNT,2017-08-22,4,69.5501839591426,gerbera
587,MORRISON,2017-03-01,5,70.07118941401848,gardenia
588,MORALES,2017-06-11,4,89.74625143474984,jasmine
589,ROBINSON,2017-01-03,2,91.53718994033743,lilac
590,HUDSON,2017-08-30,4,88.57885997750445,gardenia
591,OLSON,2017-03-21,4,90.38609528409458,lilac
592,MURRAY,2017-06-21,5,61.80784404471595,daffodil
593,ROBINSON,2017-03-02,2,90.56157314427975,lilac
594,ROBINSON,2017-07-30,5,60.640357968434344,
595,ROBINSON,2017-05-29,1,89.5376871081965,lilac
596,FORD,2017-06-06,4,71.1005229238891,carnation
597,RYAN,2017-03-09,5,60.42452053489414,
598,ROBINSON,2017-07-25,5,70.6727304057293,lilac
599,CARLSON,2017-02-06,3,68.89050405664989,rose
600,BISHOP,2017-01-26,4,59.919408543733034,sunflower
601,BENNETT,2017-04-26,3,70.36756375632163,rose
602,ROBINSON,2017-01-08,5,69.95581255766758,
603,FREEMAN,2017-03-12,4,69.32046640988146,gerbera
604,HUNTER,2017-02-15,2,69.63280983303062,rose
605,CASTRO,2017-08-20,4,70.59462795295246,gardenia
606,ROBINSON,2017-03-20,4,71.08397705624955,lilac
607,COLEMAN,2017-02-06,2,70.26246348400157,tulip
608,CASTRO,2017-06-03,5,70.92661371774814,gardenia
609,ROBINSON,2017-01-11,5,89.85943694640198,lilac
610,NEAL,2017-09-03,3,89.2177855339734,
611,DANIELS,2017-08-29,5,70.95477983580295,rose
612,FREEMAN,2017-03-28,3,89.28486352623753,gerbera
613,EVANS,2017-04-05,1,88.54709851572177,daisy
614,REID,2017-07-12,1,89.58064300574244,jasmine
615,ROBINSON,2017-06-17,4,60.053403104085895,
616,ROBINSON,2017-01-08,4,88.79857549025633,
617,DANIELS,2017-03-25,4,59.28844070880008,rose
618,ROBINSON,2017-08-09,4,58.872260202913196,lilac
619,ADAMS,2017-01-22,4,89.06673227850352,orchid
620,BURKE,2017-04-23,3,69.41409494389222,
621,JACOBS,2017-07-22,5,69.47270675221944,
622,ROBINSON,2017-06-22,2,59.445687561636134,lilac
623,WAGNER,2017-03-18,2,,iris
624,DAY,2017-05-31,3,70.4028721759488,orchid
625,STEWART,2017-08-31,4,70.55303205734712,tulip
626,ROBINSON,2017-02-10,5,58.8362120724162,lilac
627,ROBINSON,2017-07-08,5,59.75399218862583,
628,ROBINSON,2017-07-23,5,70.21465018015707,lilac
629,GRANT,2017-06-18,1,59.889104678549884,tulip
630,CALDWELL,2017-04-07,5,92.12211938458883,carnation
631,FIELDS,2017-03-25,1,71.14833900238503,lilac
632,MORALES,2017-03-09,3,69.29195991526011,jasmine
633,FOSTER,2017-06-09,3,69.96992834153728,daffodil
634,RIVERA,2017-07-14,5,61.84166870128149,
635,ROBINSON,2017-01-06,5,70.67654871695393,lilac
636,CURTIS,2017-08-13,3,71.06653462234543,sunflower
637,ROBINSON,2017-01-06,5,70.22270184174417,lilac
638,GOMEZ,2017-05-31,3,69.26868296862395,tulip
639,HOLLAND,2017-06-07,5,89.85576748857721,jasmine
640,AUSTIN,2017-05-10,5,91.28852927938783,jasmine
641,ROBINSON,2017-07-20,5,61.16132586847472,
642,CARROLL,2017-05-21,1,88.94392571220611,tulip
643,HOWELL,2017-07-29,3,90.03772717421714,lilac
644,KIM,2017-03-15,5,71.10906963391193,gerbera
645,BISHOP,2017-04-19,5,70.82685601008909,
646,LAWRENCE,2017-05-03,5,70.48482891609821,daffodil
647,HARVEY,2017-04-20,4,68.99120662815568,tulip
648,JOHNSTON,2017-07-14,5,69.31273885922613,orchid
649,RODRIQUEZ,2017-03-30,4,60.666873311446,carnation
650,ROBINSON,2017-01-21,2,68.66943819019379,
651,RAMOS,2017-08-24,3,69.88529663342091,
652,GARZA,2017-02-26,5,68.54155745141861,
653,HUGHES,2017-02-16,3,90.34358716187911,rose
654,ORTIZ,2017-07-27,5,91.11598509511661,carnation
655,LEWIS,2017-03-19,4,90.46082369573793,gerbera
656,WATTS,2017-08-03,4,70.81012955554682,gardenia
657,LYNCH,2017-01-02,3,58.211549720974475,daisy
658,GRAVES,2017-05-27,5,90.67268986403577,gerbera
659,LANE,2017-02-21,3,70.19939362586001,gerbera
660,GONZALEZ,2017-08-20,4,69.98182734243808,gardenia
661,ROBINSON,2017-01-02,5,59.44814176899372,lilac
662,PORTER,2017-03-19,3,70.27866541976944,orchid
663,ALEXANDER,2017-06-24,5,70.1701336406884,sunflower
664,ROBINSON,2017-07-10,5,68.69012542647843,
665,ROBINSON,2017-07-12,5,60.24196926475507,
666,BURKE,2017-06-02,2,88.48236356613143,daffodil
667,ORTIZ,2017-01-20,2,71.47522628641278,carnation
668,CRAWFORD,2017-02-07,4,60.484361174661345,carnation
669,DANIELS,2017-08-17,4,69.63527590758217,rose
670,LAWSON,2017-05-24,4,61.331382048693456,jasmine
671,RICHARDS,2017-02-14,2,,lilac
672,ROBINSON,2017-04-17,3,89.41558398661675,lilac
673,SCHMIDT,2017-03-22,5,58.78080797267247,rose
674,DANIELS,2017-06-18,4,90.6059517950755,rose
675,ROBINSON,2017-01-12,5,70.26735330439108,lilac
676,MARSHALL,2017-05-02,2,68.66868098103046,carnation
677,EDWARDS,2017-08-02,4,60.620682556785034,gerbera
678,NGUYEN,2017-08-02,5,71.037442425666,
679,NGUYEN,2017-03-10,2,68.26075043008538,gerbera
680,CARLSON,2017-01-31,5,89.09732812380585,rose
681,HUNTER,2017-06-30,3,68.08814809500763,rose
682,GONZALES,2017-06-12,3,70.40942216078507,lilac
683,NELSON,2017-02-28,4,69.5419255786867,daisy
684,HENRY,2017-05-04,4,68.46454305943314,
685,MORRISON,2017-02-01,4,90.14708609843754,gardenia
686,AUSTIN,2017-06-15,5,61.07678568769913,jasmine
687,LAWRENCE,2017-04-18,3,71.27898959184992,daffodil
688,SCOTT,2017-04-09,2,69.35227672353354,gardenia
689,MURRAY,2017-08-29,5,59.82882167932714,daffodil
690,LEE,2017-02-17,4,89.45935545159043,
691,HUDSON,2017-06-26,3,90.00064554344956,gardenia
692,ROBINSON,2017-05-24,2,90.57940659124603,lilac
693,ROBINSON,2017-04-18,5,90.53226090389278,lilac
694,DANIELS,2017-01-15,1,59.94601097834735,
695,FERGUSON,2017-07-29,2,69.7009927713329,daffodil
696,JENKINS,2017-08-25,3,,carnation
697,MITCHELL,2017-04-25,3,70.15188849496917,lilac
698,ROBINSON,2017-02-24,5,71.18927612751405,lilac
699,HALE,2017-04-07,3,60.40777848682061,rose
700,SHELTON,2017-08-30,5,69.42743822556005,rose
701,THOMPSON,2017-06-05,3,69.87056449328502,tulip
702,ROBINSON,2017-02-28,3,58.850109706941694,lilac
703,GREGORY,2017-07-20,5,60.76110298301212,
704,HOLLAND,2017-04-12,1,61.25321538557479,jasmine
705,AUSTIN,2017-08-10,3,71.29129595663599,jasmine
706,SILVA,2017-04-19,2,88.21883323790183,lilac
707,CASTRO,2017-02-12,5,90.68581221538622,
708,ROBINSON,2017-02-23,5,71.24439900619484,
709,ROBINSON,2017-05-29,2,70.00907256289835,lilac
710,PETERS,2017-07-30,5,70.07325711445867,
711,SANDERS,2017-04-20,1,72.05506375233065,daffodil
712,WATTS,2017-01-24,3,60.19086152888977,gardenia
713,DANIELS,2017-05-23,5,59.68349463920815,rose
714,ROBINSON,2017-06-03,5,68.57993540208093,lilac
715,ROBINSON,2017-03-08,5,60.5757279403268,lilac
716,ROBINSON,2017-01-10,2,71.30456974796482,lilac
717,LYNCH,2017-04-19,5,88.1626363635358,daisy
718,STEVENS,2017-01-18,3,59.366385501907374,jasmine
719,BAILEY,2017-04-14,4,68.92563778086098,
720,MASON,2017-06-20,4,58.04302789540921,tulip
721,FOSTER,2017-05-05,3,69.94093488575211,daffodil
722,NICHOLS,2017-04-07,3,68.24273484374667,lilac
723,MILLER,2017-06-18,3,59.62968650587972,
724,RAMOS,2017-08-24,5,69.61519765766143,orchid
725,MILLS,2017-04-15,5,70.7718203488036,rose
726,DANIELS,2017-03-21,2,70.34891738647279,
727,JACOBS,2017-03-31,3,60.91709333864826,carnation
728,ANDREWS,2017-07-14,2,89.63009935164274,orchid
729,COOPER,2017-07-31,5,70.58386046159048,lilac
730,ROBERTS,2017-06-13,3,60.71830793224853,
731,ROBINSON,2017-07-03,5,88.9710212546504,lilac
732,LARSON,2017-06-13,3,90.92130084286268,tulip
733,HUNTER,2017-02-08,3,60.80716128940459,rose
734,STEWART,2017-04-28,4,90.24573950050194,tulip
735,ROBINSON,2017-05-23,5,61.134021868027986,lilac
736,ROBINSON,2017-07-14,2,70.54580813843546,lilac
737,ROBINSON,2017-01-15,5,70.56780261813863,lilac
738,SCOTT,2017-04-14,3,88.6580380009237,gardenia
739,MITCHELL,2017-03-06,5,69.5252427367971,
740,ROBINSON,2017-06-12,5,68.35844728354661,lilac
741,MASON,2017-03-31,4,90.31046486150069,
742,CARLSON,2017-01-18,2,91.79719245811017,rose
743,RIVERA,2017-09-02,5,60.563104880880175,
744,HALE,2017-02-18,5,70.25390885251073,rose
745,TURNER,2017-04-08,5,71.27588599775288,iris
746,ROBINSON,2017-05-01,5,70.38718053055175,lilac
747,JENNINGS,2017-04-24,1,59.050218058063294,tulip
748,ROBINSON,2017-06-07,5,68.5622407244592,lilac
749,PERKINS,2017-09-02,3,70.98348080804774,iris
750,ROBINSON,2017-01-31,3,70.95066290180436,lilac
751,GARZA,2017-09-04,2,88.78181295800545,daffodil
752,HOWARD,2017-04-25,2,68.66219686483043,gardenia
753,FULLER,2017-03-12,5,89.93271428685418,lilac
754,RHODES,2017-06-06,4,69.62638585546065,carnation
755,PATTERSON,2017-06-11,4,69.8757551449764,rose
756,BURKE,2017-06-18,1,69.60131353933097,daffodil
757,DANIELS,2017-03-05,4,61.7713286842375,rose
758,HUDSON,2017-01-21,5,88.275876053281,gardenia
759,BRYANT,2017-08-14,4,71.14430102086101,tulip
760,ROBINSON,2017-05-31,5,90.3949887084901,lilac
761,ROBINSON,2017-06-02,3,90.61915327587528,lilac
762,FISHER,2017-05-07,4,71.51647330363554,iris
763,BROWN,2017-08-11,5,59.291263450200525,daffodil
764,DANIELS,2017-01-17,2,60.41999086130993,rose
765,ROBINSON,2017-06-05,5,68.61286867308357,lilac
766,PRICE,2017-08-23,4,90.77854479923715,daisy
767,CRAWFORD,2017-03-21,2,61.48964372995091,carnation
768,OLIVER,2017-05-17,5,89.17137680713108,jasmine
769,FERGUSON,2017-01-28,5,70.4329525295285,daffodil
770,DANIELS,2017-01-05,2,60.467958180382055,
771,LOWE,2017-04-11,2,70.12940780964038,jasmine
772,ROBINSON,2017-08-28,5,69.00755219555131,lilac
773,ROBINSON,2017-01-27,5,61.55054160526963,
774,ANDREWS,2017-06-02,2,90.57948446030989,orchid
775,HUDSON,2017-05-17,1,89.55546359590966,gardenia
776,MARSHALL,2017-02-19,3,69.39760365723663,
777,ROBINSON,2017-03-18,2,62.12436148007066,lilac
778,DANIELS,2017-04-29,1,89.13857079573336,rose
779,ROBINSON,2017-01-11,5,69.44937610598247,lilac
780,JACOBS,2017-06-03,2,70.69829786171427,carnation
781,MATTHEWS,2017-08-22,5,68.72465164797649,iris
782,BROWN,2017-01-06,3,69.09280612980496,daffodil
783,HALE,2017-04-18,2,68.78172361343192,rose
784,RICE,2017-01-06,2,68.87584322434961,gerbera
785,BURKE,2017-07-08,2,70.33634983287914,daffodil
786,HANSEN,2017-03-17,4,68.55045953290198,gerbera
787,ROBINSON,2017-03-27,5,60.956659881612545,lilac
788,MEDINA,2017-07-13,5,71.01325104864306,
789,LONG,2017-01-26,5,71.06879267175096,daffodil
790,WOODS,2017-04-23,3,89.96968605718126,sunflower
791,SNYDER,2017-01-30,4,90.26633510198596,sunflower
792,AUSTIN,2017-06-21,4,90.65200244494403,jasmine
793,HOLLAND,2017-06-04,2,89.73664696730012,jasmine
794,MORALES,2017-02-04,3,69.60295355644996,jasmine
795,HUNTER,2017-07-27,2,88.93939274664325,rose
796,MORRIS,2017-08-02,3,69.42360555899609,rose
797,GRAY,2017-07-28,5,90.81683694560708,
798,RICHARDS,2017-04-13,5,69.76115819001615,lilac
799,ROBINSON,2017-06-03,5,70.31513853963085,lilac
800,DANIELS,2017-06-09,4,60.77399447533453,
801,PENA,2017-04-13,3,90.26847288264136,lilac
802,GEORGE,2017-01-27,2,89.45924340077772,carnation
803,RODRIQUEZ,2017-06-02,1,68.4675383876558,carnation
804,FREEMAN,2017-03-19,2,88.6972115149635,
805,WAGNER,2017-01-01,3,71.20306472167657,iris
806,CALDWELL,2017-02-19,2,70.7909030924634,carnation
807,HOLLAND,2017-01-15,4,70.7879445106239,jasmine
808,GOMEZ,2017-07-28,3,89.23973579355737,tulip
809,ROBINSON,2017-05-20,5,67.96048607795126,lilac
810,MARSHALL,2017-09-02,5,59.9047647620798,carnation
811,GIBSON,2017-04-20,2,60.540978545640826,sunflower
812,HARRISON,2017-07-06,5,89.67556097787619,orchid
813,CALDWELL,2017-06-10,5,60.54776141339015,carnation
814,FOX,2017-02-26,4,62.16346830834069,gerbera
815,CASTRO,2017-02-22,4,70.71522759730885,gardenia
816,BENNETT,2017-05-24,4,69.51787239783859,rose
817,PRICE,2017-08-03,2,68.60833175347658,
818,ROBINSON,2017-07-22,5,59.6234992000533,lilac
819,ROBINSON,2017-07-17,3,70.0449228469934,lilac
820,PATTERSON,2017-02-15,4,69.25097776500311,rose
821,PORTER,2017-09-03,2,60.126668501953674,orchid
822,MENDOZA,2017-02-05,1,71.06789879211016,daisy
823,WATTS,2017-02-13,4,69.03730247122253,gardenia
824,ROBINSON,2017-08-21,5,61.00867654979524,lilac
825,ROBINSON,2017-07-27,5,63.26318152142278,lilac
826,ORTIZ,2017-01-24,4,69.56103747768583,carnation
827,ROBINSON,2017-09-01,5,,lilac
828,DANIELS,2017-05-09,5,89.45551364216414,rose
829,PEREZ,2017-01-23,3,70.02096232129757,tulip
830,JOHNSON,2017-08-18,3,70.77084439100693,daisy
831,PALMER,2017-02-08,5,90.49688191063228,
832,NICHOLS,2017-06-01,5,69.75240789243624,
833,HENDERSON,2017-06-16,4,59.605376642374445,rose
834,HUNTER,2017-01-28,4,70.13005555426125,rose
835,TORRES,2017-05-06,4,69.63915180075224,daffodil
836,ORTIZ,2017-01-20,4,61.92630772477169,
837,ROBINSON,2017-04-13,5,58.64298001087078,
838,BURKE,2017-03-05,5,70.35526632091617,daffodil
839,WEAVER,2017-05-25,1,69.7655535294695,sunflower
840,WHEELER,2017-06-16,5,69.16874342622881,orchid
841,ROBINSON,2017-04-20,5,59.64596762339026,
842,ROBINSON,2017-07-28,2,58.72376679466316,lilac
843,FOWLER,2017-04-12,4,59.53975865352781,daisy
844,REID,2017-04-17,5,69.04295492057341,jasmine
845,MILES,2017-05-28,2,60.470125224387715,daisy
846,JACOBS,2017-08-21,4,70.19584057812345,carnation
847,DUNN,2017-09-03,4,89.19578359864022,daffodil
848,JIMENEZ,2017-06-15,5,90.766663991443,
849,DANIELS,2017-05-13,3,59.81468165521949,rose
850,ROBINSON,2017-07-29,5,68.66850732475969,lilac
851,ELLIS,2017-07-14,4,60.099133989422626,daisy
852,ROBINSON,2017-04-22,5,58.89575227092837,lilac
853,ROBINSON,2017-05-12,5,88.68490069145184,lilac
854,DANIELS,2017-01-27,2,69.83766526348643,rose
855,MARSHALL,2017-07-01,5,91.09381377040543,carnation
856,ROBINSON,2017-05-14,4,88.8233270291945,
857,HERNANDEZ,2017-02-03,3,69.23404748636301,gardenia
858,GONZALES,2017-02-06,4,90.23003282116761,lilac
859,JACOBS,2017-02-11,5,89.80051404071813,carnation
860,CRUZ,2017-06-06,3,70.07286570538683,lilac
861,GRIFFIN,2017-02-16,4,91.30936146575783,
862,CUNNINGHAM,2017-01-26,2,91.35979220152916,daisy
863,MCKINNEY,2017-01-23,4,69.80395396585678,gardenia
864,WOOD,2017-03-26,3,61.59858450632905,sunflower
865,HOLT,2017-06-01,1,69.65688548375493,gerbera
866,ROBINSON,2017-05-21,4,89.20183165119732,lilac
867,BURNS,2017-07-25,5,89.70357275400309,tulip
868,ROBINSON,2017-04-22,3,69.84126812776596,
869,HUNTER,2017-01-28,2,90.40837589010492,rose
870,ROBINSON,2017-05-05,3,69.72840182426228,lilac
871,HAYES,2017-06-09,5,70.15405955655848,
872,THOMPSON,2017-02-06,3,90.14954649514043,
873,DANIELS,2017-01-30,2,71.05784391238136,rose
874,ROBINSON,2017-07-30,4,91.32994001895204,lilac
875,BANKS,2017-08-31,4,90.52679678399797,orchid
876,ROBINSON,2017-08-13,5,90.52966125309626,lilac
877,MASON,2017-02-12,2,60.63216623309562,tulip
878,FRANKLIN,2017-07-16,4,59.49722526413664,daffodil
879,WAGNER,2017-01-09,5,59.918586514472395,iris
880,PATTERSON,2017-06-30,3,88.93133469745953,rose
881,CARPENTER,2017-07-27,3,58.98971237053167,sunflower
882,ANDERSON,2017-01-26,2,69.23875286374926,daisy
883,BROOKS,2017-05-06,3,59.07076965088406,rose
884,BROOKS,2017-06-07,3,68.27932055124614,rose
885,BENNETT,2017-08-28,5,70.40955751221627,rose
886,GARDNER,2017-04-05,1,59.56935285411831,gardenia
887,RODRIQUEZ,2017-04-22,4,70.74529043552366,carnation
888,BURKE,2017-02-08,5,68.72500018633599,daffodil
889,JACOBS,2017-08-13,4,69.40083006137294,carnation
890,VARGAS,2017-05-17,2,70.0764594461562,sunflower
891,HARRISON,2017-04-20,2,71.0668544540335,
892,BURKE,2017-07-07,4,71.1195043110306,daffodil
893,REID,2017-03-26,5,,jasmine
894,WOODS,2017-05-18,4,89.44970569688289,sunflower
895,SCHMIDT,2017-02-12,5,92.39102050244628,rose
896,MILLS,2017-03-06,3,69.21996812174623,rose
897,STEWART,2017-07-27,4,90.9773089657669,
898,OLIVER,2017-06-16,5,68.47404439298312,jasmine
899,SUTTON,2017-04-27,4,71.45319138052726,jasmine
900,COOPER,2017-04-16,2,69.37585810527102,
901,HOLLAND,2017-02-08,2,71.52283978547493,jasmine
902,ROBINSON,2017-05-04,3,69.96205378751313,lilac
903,CARROLL,2017-04-17,5,59.408722059409044,tulip
904,CRAWFORD,2017-06-15,4,70.50039977059372,carnation
905,FERGUSON,2017-02-15,5,70.37561754075455,daffodil
906,DANIELS,2017-08-07,5,69.88850953861856,rose
907,GORDON,2017-06-02,3,61.09762440850558,rose
908,ALEXANDER,2017-04-25,4,90.04288863034625,sunflower
909,BENNETT,2017-03-11,3,88.81635091723314,
910,SOTO,2017-01-22,2,70.8536196619409,lilac
911,REYNOLDS,2017-04-07,5,89.59999262224594,
912,CARROLL,2017-07-15,2,89.44505304238054,tulip
913,DUNN,2017-08-06,5,91.54975558661798,daffodil
914,HENRY,2017-08-29,4,58.4648664440022,iris
915,JACOBS,2017-06-21,5,89.8085451012016,carnation
916,JACOBS,2017-08-10,4,90.1033628264021,carnation
917,MCCOY,2017-01-10,2,70.38024097897683,sunflower
918,ROBINSON,2017-08-21,5,72.09227741959016,lilac
919,HART,2017-04-15,4,91.55528277784722,gardenia
920,PHILLIPS,2017-03-07,1,58.94237226608193,daffodil
921,VASQUEZ,2017-08-16,5,61.37581650781511,gardenia
922,HALL,2017-04-03,1,,daffodil
923,RILEY,2017-04-06,5,71.09748139669748,orchid
924,LANE,2017-01-27,5,71.01295965913545,gerbera
925,ROBINSON,2017-04-29,5,69.13417824129559,lilac
926,ROBINSON,2017-07-14,5,90.19376901046917,lilac
927,ARNOLD,2017-06-15,2,59.895045766418,gerbera
928,COOPER,2017-03-30,3,91.61504572836657,lilac
929,BROOKS,2017-07-31,3,60.81761555082166,rose
930,ROBINSON,2017-06-27,5,58.56271825194999,lilac
931,DAVIS,2017-05-28,4,59.13571341402974,rose
932,PERKINS,2017-05-09,3,88.5533462300394,iris
933,JOHNSTON,2017-02-16,5,91.22992211723167,orchid
934,RICHARDS,2017-04-26,2,70.22803478849909,lilac
935,ROBINSON,2017-03-31,5,89.47485750760097,lilac
936,PETERS,2017-04-13,4,91.5918969180501,orchid
937,ORTIZ,2017-08-20,3,68.74994987030621,carnation
938,MEDINA,2017-04-13,3,70.67879573135679,
939,CARTER,2017-01-17,3,70.9710184705051,jasmine
940,ROBINSON,2017-05-22,3,69.84289987113495,lilac
941,FOX,2017-05-06,3,89.81967443544397,gerbera
942,CALDWELL,2017-08-26,4,91.40261083792471,carnation
943,CAMPBELL,2017-07-31,4,90.62565236668826,sunflower
944,OLIVER,2017-04-22,1,90.05229568978041,jasmine
945,MARTINEZ,2017-01-20,3,60.330867731776905,gardenia
946,JACOBS,2017-04-29,2,59.011652327345224,
947,CHAVEZ,2017-07-23,1,61.93697012503351,
948,MURPHY,2017-02-07,4,69.85892445990083,
949,CALDWELL,2017-05-11,5,68.99983225159654,carnation
950,ADAMS,2017-04-06,1,88.16877446802133,orchid
951,WILLIS,2017-06-24,1,90.03416164948844,tulip
952,ROBINSON,2017-07-06,5,59.92969233205704,
953,LYNCH,2017-03-04,1,90.8525691881217,
954,JENKINS,2017-07-26,5,90.66993545926489,carnation
955,HORTON,2017-08-15,4,70.87756715782629,tulip
956,MORALES,2017-05-22,3,72.50786890735601,
957,CARTER,2017-05-16,2,89.71661433790689,jasmine
958,CARTER,2017-03-07,4,67.7863823199136,jasmine
959,BROOKS,2017-08-26,4,70.34200474817683,rose
960,SIMMONS,2017-07-12,2,70.34113168228168,
961,HILL,2017-06-19,3,69.86838244847048,daffodil
962,BOYD,2017-05-24,5,70.52895544417589,lilac
963,CALDWELL,2017-07-09,5,61.79131310565232,carnation
964,ROBINSON,2017-02-09,3,59.77133181995649,lilac
965,RODRIQUEZ,2017-04-10,4,70.46521418331669,
966,CARROLL,2017-03-11,3,90.31725486125164,
967,GEORGE,2017-06-30,4,90.12790823169595,carnation
968,THOMAS,2017-02-21,4,70.38522844393192,rose
969,BENNETT,2017-08-17,3,88.56897300339772,
970,DANIELS,2017-01-11,3,89.42281586055788,
971,WATKINS,2017-07-30,4,69.40474959143252,sunflower
972,TURNER,2017-06-07,1,70.35275666517192,iris
973,BROWN,2017-02-20,5,69.22115150906173,daffodil
974,ORTIZ,2017-05-08,3,70.10992602689177,carnation
975,ROBINSON,2017-02-02,5,69.27580395566407,lilac
976,FIELDS,2017-07-16,4,89.0963640868919,lilac
977,MILLS,2017-08-08,4,90.32115637537618,rose
978,KENNEDY,2017-04-20,1,90.95199412204987,gerbera
979,GEORGE,2017-04-04,5,71.40668312142492,carnation
980,ROBINSON,2017-05-30,5,61.284013640099985,lilac
981,ROBINSON,2017-03-24,5,70.94407068764481,
982,ROBINSON,2017-04-14,5,59.11982933650005,
983,MILES,2017-08-07,3,89.84497861517625,daisy
984,KELLEY,2017-02-05,2,71.50709415123278,daffodil
985,ROBINSON,2017-07-22,2,59.83101234120158,lilac
986,DANIELS,2017-01-10,1,90.90647228109636,rose
987,ORTIZ,2017-04-05,4,89.5221706429656,
988,CASTRO,2017-04-25,2,72.05551046294401,gardenia
989,ROBINSON,2017-05-09,4,70.64528734824505,
990,TURNER,2017-07-03,3,59.21312254010362,iris
991,ROBINSON,2017-08-03,5,87.59419258933505,lilac
992,ROBINSON,2017-07-06,5,59.1587877293842,lilac
993,STEWART,2017-06-25,4,58.415699072798404,
994,WOODS,2017-04-28,3,59.959633292744044,sunflower
995,RAMOS,2017-04-21,5,70.47650031333227,orchid
996,ROBINSON,2017-06-19,4,71.12772766849037,lilac
997,GILBERT,2017-02-03,4,69.80054071582401,tulip
998,MITCHELL,2017-03-14,3,88.02301399048221,
999,ROBINSON,2017-04-05,5,68.90779308745313,
1000,HILL,2017-02-22,5,69.5414890464238,daffodil
1001,ROBINSON,2017-07-25,2,69.17132486633216,lilac
1002,JACOBS,2017-05-12,1,67.51715430450113,carnation
1003,BREWER,2017-01-20,3,60.34744876038738,carnation
1004,GUTIERREZ,2017-07-31,4,68.2163745943316,gerbera
1005,FORD,2017-08-13,5,59.07938728714807,carnation
1006,DEAN,2017-08-09,2,60.41147679910506,daffodil
1007,BELL,2017-07-29,5,70.17940846165428,gardenia
1008,GORDON,2017-05-07,5,60.932012733652726,rose
1009,FIELDS,2017-08-07,2,69.68092943188313,lilac
1010,MORRIS,2017-02-08,3,69.60634579996645,rose
1011,FREEMAN,2017-06-30,3,67.66652889359162,gerbera
1012,DAVIDSON,2017-04-07,5,60.869174747254874,sunflower
1013,GARZA,2017-05-30,4,92.43849240813239,daffodil
1014,ROBINSON,2017-02-17,5,70.15215371192237,lilac
1015,BURKE,2017-01-04,4,72.57080424001167,daffodil
1016,BENNETT,2017-07-03,4,59.907309751191995,
1017,GIBSON,2017-04-17,3,59.85544796206423,sunflower
1018,TORRES,2017-03-05,1,69.94021136869384,daffodil
1019,HARVEY,2017-07-23,1,70.55138633168356,tulip
1020,ROBINSON,2017-06-23,5,70.34320710408066,lilac
1021,RICHARDSON,2017-05-22,4,69.02319724993309,jasmine
1022,BRYANT,2017-06-10,3,89.81985502023755,tulip
1023,LYNCH,2017-06-03,1,88.49217641979568,daisy
1024,HOFFMAN,2017-06-06,2,71.26022293952589,sunflower
1025,RODRIGUEZ,2017-01-31,2,91.07633298982014,lilac
1026,HAWKINS,2017-03-06,5,70.05546627611734,lilac
1027,CARROLL,2017-06-20,5,68.90656347480565,tulip
1028,FORD,2017-03-09,5,69.5924501432199,carnation
1029,DANIELS,2017-08-14,4,70.22915644340836,rose
1030,ROBINSON,2017-07-20,4,88.23341596221634,lilac
1031,PEARSON,2017-07-27,5,69.962239061156,jasmine
1032,ROBINSON,2017-06-01,5,88.20817221326854,lilac
1033,ROBINSON,2017-06-15,5,62.384366497299,lilac
1034,DANIELS,2017-03-22,4,89.8744611917802,rose
1035,THOMPSON,2017-02-04,5,69.60579132120144,tulip
1036,ROBINSON,2017-08-17,5,69.90042549141404,lilac
1037,CARTER,2017-03-16,4,68.93432889685457,jasmine
1038,SIMS,2017-02-04,5,61.122303559950225,orchid
1039,KING,2017-01-13,3,69.09450578081034,rose
1040,DANIELS,2017-04-01,3,69.28426573023003,rose
1041,ROBINSON,2017-03-25,1,69.10241774077707,lilac
1042,HARRISON,2017-05-03,4,90.39318714689315,orchid
1043,ROBINSON,2017-07-11,5,68.84057774583167,lilac
1044,SULLIVAN,2017-05-07,2,68.95385757162954,
1045,DANIELS,2017-03-20,3,60.65688440316208,rose
1046,PORTER,2017-02-20,3,70.50950152749321,orchid
1047,ROBINSON,2017-04-27,5,61.881438751573796,lilac
1048,FOWLER,2017-07-08,4,90.90064971255902,daisy
1049,ROBINSON,2017-02-18,5,69.1928828082624,lilac
1050,MARSHALL,2017-08-01,4,70.04431521351304,carnation
1051,ROBINSON,2017-03-21,5,87.77607159120436,lilac
1052,WEST,2017-06-29,4,70.6751255180088,
1053,ROBINSON,2017-03-13,5,62.585851703727855,lilac
1054,DANIELS,2017-04-23,2,71.18621728902396,rose
1055,COOPER,2017-02-23,3,90.43253307647993,lilac
1056,WATSON,2017-05-12,2,89.1251704933008,iris
1057,GRAVES,2017-03-06,3,59.66240912704859,
1058,MEDINA,2017-05-27,3,90.6953515318834,daffodil
1059,ROBINSON,2017-03-14,3,61.07789186402735,lilac
1060,LYNCH,2017-05-19,2,90.33327101435414,daisy
1061,RICHARDS,2017-06-23,3,69.76766149226172,lilac
1062,SULLIVAN,2017-09-01,4,69.38995947768743,daffodil
1063,HARPER,2017-01-28,2,62.06223699309837,tulip
1064,ROBINSON,2017-04-18,5,69.62198130446959,lilac
1065,MORALES,2017-08-21,3,71.9756060171218,jasmine
1066,CALDWELL,2017-05-09,4,70.24623539942235,
1067,ANDREWS,2017-08-03,1,88.76989168162747,
1068,LAWRENCE,2017-06-30,4,69.33613323744343,daffodil
1069,OLIVER,2017-03-17,3,68.61966001133159,jasmine
1070,ROBINSON,2017-05-11,5,69.62653646378888,lilac
1071,THOMPSON,2017-02-14,2,70.38943184223885,tulip
1072,HORTON,2017-04-06,3,70.01432831041402,tulip
1073,BURKE,2017-06-27,3,90.59433625805717,daffodil
1074,DIXON,2017-08-04,5,69.80677700746664,gerbera
1075,DUNN,2017-08-27,5,,daffodil
1076,HUDSON,2017-03-15,3,68.73021968385304,gardenia
1077,ROBINSON,2017-02-17,5,59.9517870854694,lilac
1078,BURKE,2017-05-14,5,90.04820617697672,daffodil
1079,DIXON,2017-04-11,2,,
1080,HUNTER,2017-04-04,3,68.90639049461058,rose
1081,ARNOLD,2017-02-02,3,69.19408963792637,gerbera
1082,FULLER,2017-07-20,4,69.93623079075894,lilac
1083,JOHNSTON,2017-04-28,5,71.06993901534555,orchid
1084,CHAMBERS,2017-04-04,2,69.78521886290824,gerbera
1085,DUNCAN,2017-06-13,5,91.07167417487449,daffodil
1086,CAMPBELL,2017-05-12,5,58.89594432703406,sunflower
1087,FORD,2017-05-12,5,59.843700496225786,
1088,ROBINSON,2017-02-18,5,60.505496169015274,lilac
1089,ROBINSON,2017-04-17,3,87.9855086947264,lilac
1090,HENRY,2017-07-23,5,69.39695181416948,iris
1091,ROBINSON,2017-07-04,2,71.52011673447048,lilac
1092,ROBINSON,2017-05-28,2,69.50913945322765,
1093,FOSTER,2017-01-07,1,91.3694456780855,daffodil
1094,ROBINSON,2017-09-03,5,59.97808781190896,lilac
1095,JAMES,2017-03-29,4,60.12375090909145,
1096,JOHNSTON,2017-05-13,4,60.30636420744541,orchid
1097,CRUZ,2017-05-28,2,61.596361222221105,lilac
1098,RAMOS,2017-08-11,3,70.22719770030558,orchid
1099,RAMOS,2017-03-04,1,69.43773064463241,
1100,ROBINSON,2017-01-03,2,90.52624246246198,lilac
